<?xml version="1.0" encoding="UTF-8"?>
<!DOCTYPE configuration 
PUBLIC "-//mybatis.org//DTD Config 3.0//EN" 
"http://mybatis.org/dtd/mybatis-3-config.dtd">
<configuration>
<!--
    <properties resource="db.properties"></properties>
-->
	<settings>

		<setting name="logImpl" value="STDOUT_LOGGING" />
	<!--   
		<setting name="defaultExecutorType" value="REUSE" />
		-->
		<setting name="defaultStatementTimeout" value="30000" />
	</settings>

	<!-- <plugins>
		<plugin interceptor="cn.freeteam.util.OffsetLimitInterceptor"> -->
			<!-- <property name="dialectClass" value="cn.freeteam.util.SQLServerDialect"/> -->
		<!--</plugin>
	</plugins> -->
	<environments default="mysql">
		 
		<environment id="mysql">
			<transactionManager type="JDBC" ></transactionManager>
			<dataSource type="POOLED">
				<property name="driver" value="com.mysql.cj.jdbc.Driver" />
				<property name="url" value="${mysql.url}" />
				<property name="username" value="${mysql.username}" />
				<property name="password" value="${mysql.password}" />
				<property name="poolMaximumIdleConnections" value="0" />
				<property name="poolMaximumActiveConnections" value="10" />
			</dataSource>
		</environment>
	</environments>

	<mappers>
	 <mapper class="com.kok.sport.utils.MybatisMapperCls"/>
	 <mapper class="com.kok.sport.utils.MybatisMapper"/>
		
		<!--   
		 	<mapper resource="cn/freeteam/model/OperlogsMapper.xml"/>
		 	-->
	</mappers>	
</configuration>