<?xml version="1.0" encoding="UTF-8"?>


<!DOCTYPE mapper PUBLIC "-//mybatis.org//DTD Mapper 3.0//EN" "http://mybatis.org/dtd/mybatis-3-mapper.dtd">

<mapper namespace="com.kok.sport.dao.BasketballOddsDao">

  <resultMap id="basketballOddsMap" type="com.kok.sport.entity.BasketballOdds">
                  <id property="id" column="id"/>
                        <result property="companyId" column="company_id"/>
                        <result property="matcheId" column="matche_id"/>
                        <result property="oddsType" column="odds_type"/>
                        <result property="changeTime" column="change_time"/>
                        <result property="happenTime" column="happen_time"/>
                        <result property="matchStatus" column="match_status"/>
                        <result property="homeOdds" column="home_odds"/>
                        <result property="tieOdds" column="tie_odds"/>
                        <result property="awayOdds" column="away_odds"/>
                        <result property="lockFlag" column="lock_flag"/>
                        <result property="realTimeScore" column="real_time_score"/>
                        <result property="createTime" column="create_time"/>
                        <result property="deleteFlag" column="delete_flag"/>
            </resultMap>

  <!--basketballOdds简单分页查询-->
  <select id="getBasketballOddsPage" resultMap="basketballOddsMap">
    SELECT
                  id,
                        company_id,
                        matche_id,
                        odds_type,
                        change_time,
                        happen_time,
                        match_status,
                        home_odds,
                        tie_odds,
                        away_odds,
                        lock_flag,
                        real_time_score,
                        create_time,
                        delete_flag
              FROM basketball_odds_t
    <where>
                        <if test="basketballOdds.id != null ">
            AND id = #{basketballOdds.id}
          </if>
                                <if test="basketballOdds.companyId != null ">
            AND company_id = #{basketballOdds.companyId}
          </if>
                                <if test="basketballOdds.matcheId != null ">
            AND matche_id = #{basketballOdds.matcheId}
          </if>
                                <if test="basketballOdds.oddsType != null ">
            AND odds_type = #{basketballOdds.oddsType}
          </if>
                                <if test="basketballOdds.changeTime != null ">
            AND change_time = #{basketballOdds.changeTime}
          </if>
                                <if test="basketballOdds.happenTime != null and basketballOdds.happenTime.trim() != ''">
            AND happen_time = #{basketballOdds.happenTime}
          </if>
                                <if test="basketballOdds.matchStatus != null ">
            AND match_status = #{basketballOdds.matchStatus}
          </if>
                                <if test="basketballOdds.homeOdds != null ">
            AND home_odds = #{basketballOdds.homeOdds}
          </if>
                                <if test="basketballOdds.tieOdds != null ">
            AND tie_odds = #{basketballOdds.tieOdds}
          </if>
                                <if test="basketballOdds.awayOdds != null ">
            AND away_odds = #{basketballOdds.awayOdds}
          </if>
                                <if test="basketballOdds.lockFlag != null ">
            AND lock_flag = #{basketballOdds.lockFlag}
          </if>
                                <if test="basketballOdds.realTimeScore != null and basketballOdds.realTimeScore.trim() != ''">
            AND real_time_score = #{basketballOdds.realTimeScore}
          </if>
                                <if test="basketballOdds.createTime != null ">
            AND create_time = #{basketballOdds.createTime}
          </if>
                                <if test="basketballOdds.deleteFlag != null and basketballOdds.deleteFlag.trim() != ''">
            AND delete_flag = #{basketballOdds.deleteFlag}
          </if>
                  </where>
  </select>



</mapper>
