<?xml version="1.0" encoding="UTF-8"?>


<!DOCTYPE mapper PUBLIC "-//mybatis.org//DTD Mapper 3.0//EN" "http://mybatis.org/dtd/mybatis-3-mapper.dtd">

<mapper namespace="com.kok.sport.dao.BasketballTliveDao">

  <resultMap id="basketballTliveMap" type="com.kok.sport.entity.BasketballTlive">
                  <id property="id" column="id"/>
                        <result property="matchId" column="match_id"/>
                        <result property="section" column="section"/>
                        <result property="time" column="time"/>
                        <result property="data" column="data"/>
                        <result property="createTime" column="create_time"/>
                        <result property="deleteFlag" column="delete_flag"/>
            </resultMap>

  <!--basketballTlive简单分页查询-->
  <select id="getBasketballTlivePage" resultMap="basketballTliveMap">
    SELECT
                  id,
                        match_id,
                        section,
                        time,
                        data,
                        create_time,
                        delete_flag
              FROM basketball_tlive_t
    <where>
                        <if test="basketballTlive.id != null ">
            AND id = #{basketballTlive.id}
          </if>
                                <if test="basketballTlive.matchId != null ">
            AND match_id = #{basketballTlive.matchId}
          </if>
                                <if test="basketballTlive.section != null ">
            AND section = #{basketballTlive.section}
          </if>
                                <if test="basketballTlive.time != null ">
            AND time = #{basketballTlive.time}
          </if>
                                <if test="basketballTlive.data != null and basketballTlive.data.trim() != ''">
            AND data = #{basketballTlive.data}
          </if>
                                <if test="basketballTlive.createTime != null ">
            AND create_time = #{basketballTlive.createTime}
          </if>
                                <if test="basketballTlive.deleteFlag != null and basketballTlive.deleteFlag.trim() != ''">
            AND delete_flag = #{basketballTlive.deleteFlag}
          </if>
                  </where>
  </select>



</mapper>
