<?xml version="1.0" encoding="UTF-8"?>


<!DOCTYPE mapper PUBLIC "-//mybatis.org//DTD Mapper 3.0//EN" "http://mybatis.org/dtd/mybatis-3-mapper.dtd">

<mapper namespace="com.kok.sport.dao.BasketballTeamDao">

  <resultMap id="basketballTeamMap" type="com.kok.sport.entity.BasketballTeam">
                  <id property="id" column="id"/>
                        <result property="matcheventId" column="matchevent_id"/>
                        <result property="conferenceId" column="conference_id"/>
                        <result property="nameZh" column="name_zh"/>
                        <result property="shortNameZh" column="short_name_zh"/>
                        <result property="nameZht" column="name_zht"/>
                        <result property="shortNameZht" column="short_name_zht"/>
                        <result property="nameEn" column="name_en"/>
                        <result property="shortNameEn" column="short_name_en"/>
                        <result property="logo" column="logo"/>
                        <result property="found" column="found"/>
                        <result property="webSite" column="web_site"/>
                        <result property="national" column="national"/>
                        <result property="countryLogo" column="country_logo"/>
                        <result property="createTime" column="create_time"/>
                        <result property="deleteFlag" column="delete_flag"/>
            </resultMap>

  <!--basketballTeam简单分页查询-->
  <select id="getBasketballTeamPage" resultMap="basketballTeamMap">
    SELECT
                  id,
                        matchevent_id,
                        conference_id,
                        name_zh,
                        short_name_zh,
                        name_zht,
                        short_name_zht,
                        name_en,
                        short_name_en,
                        logo,
                        found,
                        web_site,
                        national,
                        country_logo,
                        create_time,
                        delete_flag
              FROM basketball_team_t
    <where>
                        <if test="basketballTeam.id != null ">
            AND id = #{basketballTeam.id}
          </if>
                                <if test="basketballTeam.matcheventId != null ">
            AND matchevent_id = #{basketballTeam.matcheventId}
          </if>
                                <if test="basketballTeam.conferenceId != null ">
            AND conference_id = #{basketballTeam.conferenceId}
          </if>
                                <if test="basketballTeam.nameZh != null and basketballTeam.nameZh.trim() != ''">
            AND name_zh = #{basketballTeam.nameZh}
          </if>
                                <if test="basketballTeam.shortNameZh != null and basketballTeam.shortNameZh.trim() != ''">
            AND short_name_zh = #{basketballTeam.shortNameZh}
          </if>
                                <if test="basketballTeam.nameZht != null and basketballTeam.nameZht.trim() != ''">
            AND name_zht = #{basketballTeam.nameZht}
          </if>
                                <if test="basketballTeam.shortNameZht != null and basketballTeam.shortNameZht.trim() != ''">
            AND short_name_zht = #{basketballTeam.shortNameZht}
          </if>
                                <if test="basketballTeam.nameEn != null and basketballTeam.nameEn.trim() != ''">
            AND name_en = #{basketballTeam.nameEn}
          </if>
                                <if test="basketballTeam.shortNameEn != null and basketballTeam.shortNameEn.trim() != ''">
            AND short_name_en = #{basketballTeam.shortNameEn}
          </if>
                                <if test="basketballTeam.logo != null and basketballTeam.logo.trim() != ''">
            AND logo = #{basketballTeam.logo}
          </if>
                                <if test="basketballTeam.found != null and basketballTeam.found.trim() != ''">
            AND found = #{basketballTeam.found}
          </if>
                                <if test="basketballTeam.webSite != null and basketballTeam.webSite.trim() != ''">
            AND web_site = #{basketballTeam.webSite}
          </if>
                                <if test="basketballTeam.national != null ">
            AND national = #{basketballTeam.national}
          </if>
                                <if test="basketballTeam.countryLogo != null and basketballTeam.countryLogo.trim() != ''">
            AND country_logo = #{basketballTeam.countryLogo}
          </if>
                                <if test="basketballTeam.createTime != null ">
            AND create_time = #{basketballTeam.createTime}
          </if>
                                <if test="basketballTeam.deleteFlag != null and basketballTeam.deleteFlag.trim() != ''">
            AND delete_flag = #{basketballTeam.deleteFlag}
          </if>
                  </where>
  </select>



</mapper>
