<?xml version="1.0" encoding="UTF-8"?>


<!DOCTYPE mapper PUBLIC "-//mybatis.org//DTD Mapper 3.0//EN" "http://mybatis.org/dtd/mybatis-3-mapper.dtd">

<mapper namespace="com.kok.sport.dao.BasketballTeamPlayerDao">

  <resultMap id="basketballTeamPlayerMap" type="com.kok.sport.entity.BasketballTeamPlayer">
                  <id property="id" column="id"/>
                        <result property="teamId" column="team_id"/>
                        <result property="nameZh" column="name_zh"/>
                        <result property="nameZht" column="name_zht"/>
                        <result property="nameEn" column="name_en"/>
                        <result property="ballNumber" column="ball_number"/>
                        <result property="logo" column="logo"/>
                        <result property="createTime" column="create_time"/>
                        <result property="deleteFlag" column="delete_flag"/>
            </resultMap>

  <!--basketballTeamPlayer简单分页查询-->
  <select id="getBasketballTeamPlayerPage" resultMap="basketballTeamPlayerMap">
    SELECT
                  id,
                        team_id,
                        name_zh,
                        name_zht,
                        name_en,
                        ball_number,
                        logo,
                        create_time,
                        delete_flag
              FROM basketball_team_player_t
    <where>
                        <if test="basketballTeamPlayer.id != null ">
            AND id = #{basketballTeamPlayer.id}
          </if>
                                <if test="basketballTeamPlayer.teamId != null ">
            AND team_id = #{basketballTeamPlayer.teamId}
          </if>
                                <if test="basketballTeamPlayer.nameZh != null and basketballTeamPlayer.nameZh.trim() != ''">
            AND name_zh = #{basketballTeamPlayer.nameZh}
          </if>
                                <if test="basketballTeamPlayer.nameZht != null and basketballTeamPlayer.nameZht.trim() != ''">
            AND name_zht = #{basketballTeamPlayer.nameZht}
          </if>
                                <if test="basketballTeamPlayer.nameEn != null and basketballTeamPlayer.nameEn.trim() != ''">
            AND name_en = #{basketballTeamPlayer.nameEn}
          </if>
                                <if test="basketballTeamPlayer.ballNumber != null ">
            AND ball_number = #{basketballTeamPlayer.ballNumber}
          </if>
                                <if test="basketballTeamPlayer.logo != null and basketballTeamPlayer.logo.trim() != ''">
            AND logo = #{basketballTeamPlayer.logo}
          </if>
                                <if test="basketballTeamPlayer.createTime != null ">
            AND create_time = #{basketballTeamPlayer.createTime}
          </if>
                                <if test="basketballTeamPlayer.deleteFlag != null and basketballTeamPlayer.deleteFlag.trim() != ''">
            AND delete_flag = #{basketballTeamPlayer.deleteFlag}
          </if>
                  </where>
  </select>



</mapper>
