<?xml version="1.0" encoding="UTF-8"?>


<!DOCTYPE mapper PUBLIC "-//mybatis.org//DTD Mapper 3.0//EN" "http://mybatis.org/dtd/mybatis-3-mapper.dtd">

<mapper namespace="com.kok.sport.dao.FootballStatsDao">

  <resultMap id="footballStatsMap" type="com.kok.sport.entity.FootballStats">
                  <id property="id" column="id"/>
                        <result property="matchId" column="match_id"/>
                        <result property="type" column="type"/>
                        <result property="home" column="home"/>
                        <result property="away" column="away"/>
                        <result property="createTime" column="create_time"/>
                        <result property="deleteFlag" column="delete_flag"/>
            </resultMap>

  <!--footballStats简单分页查询-->
  <select id="getFootballStatsPage" resultMap="footballStatsMap">
    SELECT
                  id,
                        match_id,
                        type,
                        home,
                        away,
                        create_time,
                        delete_flag
              FROM football_stats_t
    <where>
                        <if test="footballStats.id != null ">
            AND id = #{footballStats.id}
          </if>
                                <if test="footballStats.matchId != null ">
            AND match_id = #{footballStats.matchId}
          </if>
                                <if test="footballStats.type != null ">
            AND type = #{footballStats.type}
          </if>
                                <if test="footballStats.home != null ">
            AND home = #{footballStats.home}
          </if>
                                <if test="footballStats.away != null ">
            AND away = #{footballStats.away}
          </if>
                                <if test="footballStats.createTime != null ">
            AND create_time = #{footballStats.createTime}
          </if>
                                <if test="footballStats.deleteFlag != null and footballStats.deleteFlag.trim() != ''">
            AND delete_flag = #{footballStats.deleteFlag}
          </if>
                  </where>
  </select>



</mapper>
