<?xml version="1.0" encoding="UTF-8"?>


<!DOCTYPE mapper PUBLIC "-//mybatis.org//DTD Mapper 3.0//EN" "http://mybatis.org/dtd/mybatis-3-mapper.dtd">

<mapper namespace="com.kok.sport.dao.FootballStageDao">

  <resultMap id="footballStageMap" type="com.kok.sport.entity.FootballStage">
                  <id property="id" column="id"/>
                        <result property="mode" column="mode"/>
                        <result property="groupCount" column="group_count"/>
                        <result property="roundCount" column="round_count"/>
                        <result property="nameZh" column="name_zh"/>
                        <result property="nameZht" column="name_zht"/>
                        <result property="nameEn" column="name_en"/>
                        <result property="createTime" column="create_time"/>
                        <result property="deleteFlag" column="delete_flag"/>
            </resultMap>

  <!--footballStage简单分页查询-->
  <select id="getFootballStagePage" resultMap="footballStageMap">
    SELECT
                  id,
                        mode,
                        group_count,
                        round_count,
                        name_zh,
                        name_zht,
                        name_en,
                        create_time,
                        delete_flag
              FROM football_stage_t
    <where>
                        <if test="footballStage.id != null ">
            AND id = #{footballStage.id}
          </if>
                                <if test="footballStage.mode != null ">
            AND mode = #{footballStage.mode}
          </if>
                                <if test="footballStage.groupCount != null ">
            AND group_count = #{footballStage.groupCount}
          </if>
                                <if test="footballStage.roundCount != null ">
            AND round_count = #{footballStage.roundCount}
          </if>
                                <if test="footballStage.nameZh != null and footballStage.nameZh.trim() != ''">
            AND name_zh = #{footballStage.nameZh}
          </if>
                                <if test="footballStage.nameZht != null and footballStage.nameZht.trim() != ''">
            AND name_zht = #{footballStage.nameZht}
          </if>
                                <if test="footballStage.nameEn != null and footballStage.nameEn.trim() != ''">
            AND name_en = #{footballStage.nameEn}
          </if>
                                <if test="footballStage.createTime != null ">
            AND create_time = #{footballStage.createTime}
          </if>
                                <if test="footballStage.deleteFlag != null and footballStage.deleteFlag.trim() != ''">
            AND delete_flag = #{footballStage.deleteFlag}
          </if>
                  </where>
  </select>



</mapper>
