<?xml version="1.0" encoding="UTF-8"?>
<!DOCTYPE mapper PUBLIC "-//mybatis.org//DTD Mapper 3.0//EN" "http://mybatis.org/dtd/mybatis-3-mapper.dtd">

<mapper namespace="com.kok.sport.dao.KokMatchStreamDao">

    <resultMap id="kokMatchStreamMap" type="com.kok.sport.entity.KokMatchStream">
        <id property="id" column="id"/>
        <result property="matchId" column="match_id"/>
        <result property="streamUrl" column="stream_url"/>
    </resultMap>
    <!--kokMatchStream简单分页查询-->
    <select id="getKokMatchStreamPage" resultMap="kokMatchStreamMap">
        SELECT
            id,
            match_id,
            stream_url
        FROM kok_match_stream_t
        <where>
            <if test="kokMatchStream.id != null">
                AND id = #{kokMatchStream.id}
            </if>
            <if test="kokMatchStream.matchId != null">
                AND match_id = #{kokMatchStream.matchId}
            </if>
        </where>
    </select>
    <select id="getKokMatchStreamById" resultMap="kokMatchStreamMap">
        SELECT
            id,
            match_id,
            stream_url
        FROM kok_match_stream_t
        <where>
            <if test="_parameter != null">
                AND match_id = #{_parameter,jdbcType=INTEGER}
            </if>
        </where>
    </select>


    <insert id="saveKokMatchStream">
        INSERT INTO kok_match_stream_t (
            match_id,
            stream_url
        )
        VALUES (
            #{kokMatchStream.matchId},
            #{kokMatchStream.streamUrl}
        )
    </insert>

    <delete id="removeKokMatchStream">
        DELETE
        FROM
            kok_match_stream_t
        WHERE
            id = #{id}
    </delete>
</mapper>
