<?xml version="1.0" encoding="UTF-8"?>


<!DOCTYPE mapper PUBLIC "-//mybatis.org//DTD Mapper 3.0//EN" "http://mybatis.org/dtd/mybatis-3-mapper.dtd">

<mapper namespace="com.kok.sport.dao.SysAreaDao">

  <resultMap id="sysAreaMap" type="com.kok.sport.entity.SysArea">
                  <id property="id" column="id"/>
                        <result property="nameZh" column="name_zh"/>
                        <result property="nameZht" column="name_zht"/>
                        <result property="nameEn" column="name_en"/>
                        <result property="createTime" column="create_time"/>
                        <result property="deleteFlag" column="delete_flag"/>
            </resultMap>

  <!--sysArea简单分页查询-->
  <select id="getSysAreaPage" resultMap="sysAreaMap">
    SELECT
                  id,
                        name_zh,
                        name_zht,
                        name_en,
                        create_time,
                        delete_flag
              FROM sys_area_t
    <where>
                        <if test="sysArea.id != null ">
            AND id = #{sysArea.id}
          </if>
                                <if test="sysArea.nameZh != null and sysArea.nameZh.trim() != ''">
            AND name_zh = #{sysArea.nameZh}
          </if>
                                <if test="sysArea.nameZht != null and sysArea.nameZht.trim() != ''">
            AND name_zht = #{sysArea.nameZht}
          </if>
                                <if test="sysArea.nameEn != null and sysArea.nameEn.trim() != ''">
            AND name_en = #{sysArea.nameEn}
          </if>
                                <if test="sysArea.createTime != null ">
            AND create_time = #{sysArea.createTime}
          </if>
                                <if test="sysArea.deleteFlag != null and sysArea.deleteFlag.trim() != ''">
            AND delete_flag = #{sysArea.deleteFlag}
          </if>
                  </where>
  </select>



</mapper>
