{"options":{"awareOfChrome":false,"check_for_updates":true,"comment":null,"compat_arrayleft":false,"compat_foreach":false,"compat_forvarin":false,"compat_metadata":false,"compat_uW_gmonkey":false,"compat_wrappedjsobject":false,"compatopts_for_requires":true,"noframes":null,"override":{"merge_connects":true,"merge_excludes":true,"merge_includes":true,"merge_matches":true,"orig_connects":[],"orig_excludes":[],"orig_includes":[],"orig_matches":["https://cn.pornhub.com/view_video.php?viewkey=*"],"orig_noframes":null,"orig_run_at":"document-idle","use_blockers":[],"use_connects":["localhost"],"use_excludes":[],"use_includes":[],"use_matches":[]},"run_at":null},"settings":{"enabled":true,"position":4},"meta":{"name":"downVdAtiV2","uuid":"a8c232a4-864d-43d7-8670-b00aee25a91e","modified":1582883333943}}